Date,Open,High,Low,Close,Volume,Series,TOTAL_TRADES,QTY_PER_TRADE,DLV_QTY
2024-10-23,342.0,359.1,342.0,359.1,830400,ST,824,1007.77,830400
2024-10-24,376.95,376.95,341.15,341.15,944000,ST,815,1158.28,846400
2024-10-25,324.1,324.1,324.1,324.1,12800,ST,12,1066.67,12800
2024-10-28,307.9,307.9,307.9,307.9,4800,ST,6,800.0,4800
2024-10-29,292.5,292.5,292.5,292.5,2400,ST,3,800.0,2400
2024-10-30,280.0,307.1,280.0,307.0,685600,ST,690,993.62,593600
2024-10-31,318.0,319.65,300.9,304.5,178400,ST,203,878.82,165600
2024-11-01,309.0,319.0,291.65,316.3,117600,ST,133,884.21,111200
2024-11-04,315.0,316.3,300.5,307.3,175200,ST,177,989.83,153600
2024-11-05,308.3,322.65,308.3,320.3,138400,ST,158,875.95,124800
2024-11-06,336.3,336.3,336.3,336.3,26400,ST,31,851.61,26400
2024-11-07,347.5,352.8,324.1,331.6,332800,SM,411,809.73,161600
2024-11-08,332.05,364.95,332.05,340.3,315200,SM,348,905.75,189600
2024-11-11,333.75,344.95,310.0,316.9,147200,SM,180,817.78,90400
2024-11-12,317.25,340.0,302.35,319.2,236000,SM,255,925.49,111200
2024-11-13,299.0,303.0,274.4,275.55,273600,SM,320,855.0,178400
2024-11-14,262.1,279.0,262.1,272.7,74400,SM,88,845.45,42400
2024-11-18,265.2,277.0,265.2,274.4,50400,SM,61,826.23,39200
2024-11-19,278.95,283.95,268.0,275.95,95200,SM,109,873.39,57600
2024-11-21,275.0,275.0,262.0,264.9,155200,SM,140,1108.57,103200
2024-11-22,260.5,265.0,252.2,255.45,40800,SM,51,800.0,25600
2024-11-25,264.0,264.0,251.4,255.7,57600,SM,69,834.78,38400
2024-11-26,256.05,257.95,247.65,249.25,28000,SM,35,800.0,21600
2024-11-27,248.0,254.0,246.3,251.2,23200,SM,29,800.0,18400
2024-11-28,255.5,268.0,252.0,255.15,61600,SM,71,867.61,40800
2024-11-29,259.6,265.0,245.6,247.25,75200,SM,79,951.9,55200
2024-12-02,249.05,259.0,246.0,258.3,78400,SM,78,1005.13,60000
2024-12-03,258.0,288.0,254.0,281.0,178400,SM,205,870.24,100000
2024-12-04,287.85,292.0,277.0,277.55,68000,SM,82,829.27,45600
2024-12-05,283.0,283.0,260.8,279.1,80000,SM,82,975.61,56000
2024-12-06,279.1,283.0,275.5,276.8,36800,SM,46,800.0,26400
2024-12-09,279.1,279.1,270.25,277.9,77600,SM,54,1437.04,64800
2024-12-10,277.7,277.7,263.3,270.05,75200,SM,90,835.56,48000
2024-12-11,273.0,323.1,270.0,317.25,353600,SM,400,884.0,180800
2024-12-12,320.95,327.4,303.1,306.3,101600,SM,122,832.79,64000
2024-12-13,303.0,304.0,286.0,289.55,114400,SM,140,817.14,70400
2024-12-16,289.55,297.0,289.0,290.7,41600,SM,51,815.69,26400
2024-12-17,292.2,320.0,283.2,309.0,126400,SM,155,815.48,72800
2024-12-18,311.0,345.85,305.0,338.5,472800,SM,498,949.4,204800
2024-12-19,328.45,363.0,320.0,348.35,371200,SM,416,892.31,212000
2024-12-20,357.85,372.5,335.05,340.25,276800,SM,331,836.25,180000
2024-12-23,348.2,355.0,341.0,341.75,80000,SM,95,842.11,50400
2024-12-24,339.75,345.0,322.0,328.9,129600,SM,154,841.56,88000
2024-12-26,334.0,339.5,315.0,320.1,88800,SM,108,822.22,54400
2024-12-27,324.9,324.9,310.0,319.7,57600,SM,71,811.27,35200
2024-12-30,319.7,319.7,297.9,299.15,71200,SM,89,800.0,56800
2024-12-31,303.9,340.0,301.65,330.7,152000,SM,181,839.78,92800
2025-01-01,334.0,342.0,331.0,334.6,56800,SM,70,811.43,38400
2025-01-02,334.6,343.95,314.05,323.25,117600,SM,145,811.03,67200
2025-01-03,323.25,323.8,312.0,315.8,62400,SM,77,810.39,40800
2025-01-06,323.7,328.0,308.0,313.3,108000,SM,133,812.03,67200
2025-01-07,318.9,321.8,315.0,316.9,48000,SM,58,827.59,31200
2025-01-08,312.1,312.15,305.7,308.8,38400,SM,46,834.78,24800
2025-01-09,314.0,314.0,301.05,303.05,40800,SM,50,816.0,24800
2025-01-10,301.0,302.45,288.0,291.55,84000,SM,102,823.53,56800
2025-01-13,280.05,289.0,266.05,270.9,95200,SM,117,813.68,64800
2025-01-14,272.0,296.2,269.95,290.1,107200,SM,132,812.12,62400
2025-01-15,292.5,297.8,286.55,290.3,31200,SM,36,866.67,20000
2025-01-16,298.65,298.65,286.1,287.8,24800,SM,29,855.17,17600
2025-01-17,287.8,287.8,270.0,277.1,62400,SM,68,917.65,44800
2025-01-20,283.85,285.0,264.0,273.55,273600,SM,260,1052.31,151200
2025-01-21,273.55,276.9,262.1,265.0,97600,SM,115,848.7,63200
2025-01-22,265.0,269.5,257.0,260.7,48000,SM,56,857.14,32000
2025-01-23,264.5,288.95,260.5,283.85,230400,SM,270,853.33,116800
2025-01-24,286.9,292.0,268.5,269.5,72000,SM,88,818.18,52000
2025-01-27,267.0,267.0,251.1,256.0,36000,SM,45,800.0,28000
2025-01-28,263.0,264.0,234.0,247.35,61600,SM,76,810.53,29600
2025-01-29,257.9,274.0,257.9,269.0,59200,SM,66,896.97,40000
2025-01-30,270.0,272.45,258.8,261.2,24000,SM,30,800.0,15200
2025-01-31,261.2,270.0,258.0,262.0,56800,SM,65,873.85,32000
2025-02-01,273.0,273.0,254.0,264.15,30400,SM,38,800.0,12800
2025-02-03,258.0,258.0,255.05,257.1,12800,SM,16,800.0,8800
2025-02-04,260.05,260.05,255.0,260.0,12000,SM,15,800.0,8800
2025-02-05,259.25,265.0,259.25,264.8,11200,SM,14,800.0,8800
2025-02-06,267.9,270.0,264.25,264.25,11200,SM,14,800.0,8000
2025-02-07,265.1,265.1,259.55,261.0,16800,SM,20,840.0,12800
2025-02-10,256.7,256.7,247.7,248.25,20000,SM,22,909.09,18400
2025-02-11,240.65,240.65,216.55,223.85,64000,SM,78,820.51,51200
2025-02-12,222.0,222.55,202.0,215.25,123200,SM,144,855.56,56000
2025-02-13,218.0,225.0,217.0,220.65,24800,SM,31,800.0,12800
2025-02-14,225.9,225.9,202.05,205.1,75200,SM,89,844.94,36800
2025-02-17,207.0,209.8,188.95,193.6,77600,SM,90,862.22,50400
2025-02-18,193.6,193.6,178.0,183.85,52800,SM,64,825.0,36000
2025-02-19,183.0,200.5,172.35,194.55,40800,SM,49,832.65,28000
2025-02-20,194.0,204.25,194.0,204.25,28000,ST,34,823.53,27200
2025-02-21,209.0,209.0,198.1,201.95,15200,ST,19,800.0,13600
2025-02-24,193.0,203.9,193.0,202.6,28800,ST,24,1200.0,25600
2025-02-25,204.0,204.0,195.0,196.45,24800,ST,28,885.71,20000
2025-02-27,196.5,200.0,186.65,186.7,22400,ST,27,829.63,20800
2025-02-28,181.0,181.0,177.4,177.4,28800,ST,31,929.03,28000
2025-03-03,180.75,180.75,168.55,169.65,44800,ST,47,953.19,41600
2025-03-04,164.0,173.45,161.7,168.5,41600,ST,41,1014.63,33600
2025-03-05,172.35,176.9,172.35,176.9,21600,ST,25,864.0,21600
2025-03-06,177.1,185.7,177.0,185.7,20800,ST,25,832.0,18400
2025-03-07,194.95,194.95,185.0,187.1,60800,ST,54,1125.93,51200
2025-03-10,191.85,192.95,180.15,183.45,51200,ST,44,1163.64,44800
2025-03-11,184.7,184.7,175.0,180.0,26400,ST,28,942.86,20800
2025-03-12,180.0,180.45,176.25,178.5,12800,ST,16,800.0,10400
2025-03-13,178.5,180.9,169.6,169.6,60000,ST,50,1200.0,57600
2025-03-17,163.2,177.9,161.15,161.15,50400,ST,42,1200.0,45600
2025-03-18,161.15,162.6,153.1,159.85,63200,ST,65,972.31,58400
2025-03-19,161.0,167.8,160.0,167.8,40000,ST,42,952.38,37600
2025-03-20,167.8,176.15,167.8,176.15,55200,ST,58,951.72,50400
2025-03-21,180.0,184.45,171.25,175.35,56000,ST,52,1076.92,48800
2025-03-24,177.0,183.55,177.0,181.4,57600,ST,59,976.27,51200
2025-03-25,178.1,184.0,173.3,174.75,37600,ST,42,895.24,33600
2025-03-26,171.1,172.05,166.5,166.9,45600,ST,49,930.61,39200
2025-03-27,166.5,168.0,158.55,158.9,63200,ST,75,842.67,57600
2025-03-28,160.0,166.8,159.0,161.5,71200,ST,64,1112.5,66400
2025-04-01,167.9,169.55,163.05,169.55,9600,ST,12,800.0,8800
2025-04-02,174.9,176.0,171.1,172.0,15200,ST,19,800.0,13600
2025-04-03,164.55,180.6,164.55,180.4,28800,ST,33,872.73,24000
2025-04-04,179.0,179.0,172.0,175.15,10400,ST,13,800.0,8800
2025-04-07,166.4,166.4,166.4,166.4,2400,ST,3,800.0,2400
2025-04-08,161.8,173.7,161.8,170.0,12800,ST,16,800.0,9600
2025-04-09,163.8,167.45,163.05,163.35,12800,ST,14,914.29,10400
2025-04-11,171.0,171.5,168.0,171.5,28000,ST,17,1647.06,28000
2025-04-15,179.95,180.0,176.0,178.1,22400,ST,20,1120.0,20000
2025-04-16,180.0,180.45,174.05,175.5,13600,ST,16,850.0,11200
2025-04-17,171.15,175.6,171.15,175.55,12800,ST,15,853.33,10400
2025-04-21,178.85,184.3,178.85,184.3,72000,ST,57,1263.16,71200
2025-04-22,192.75,192.75,189.5,190.0,16000,ST,20,800.0,16000
2025-04-23,190.25,199.5,190.25,198.1,32000,ST,40,800.0,28800
2025-04-24,198.1,204.95,195.2,195.2,25600,ST,30,853.33,20000
2025-04-25,194.0,195.95,185.45,188.15,28000,ST,34,823.53,22400
2025-04-28,190.0,192.5,189.9,192.5,10400,ST,13,800.0,10400
2025-04-29,192.5,201.05,192.5,194.5,16000,ST,18,888.89,12000
2025-04-30,192.0,192.0,186.55,186.85,12000,ST,15,800.0,9600
2025-05-02,188.8,191.9,181.55,183.25,6400,ST,8,800.0,4000
2025-05-05,185.0,188.1,182.0,188.1,7200,ST,9,800.0,7200
2025-05-06,185.0,185.0,179.5,179.5,8000,ST,10,800.0,7200
2025-05-07,179.35,179.75,175.0,178.0,14400,ST,17,847.06,11200
2025-05-08,177.0,182.0,176.0,178.2,28800,ST,30,960.0,24800
2025-05-09,175.0,176.4,171.5,175.4,11200,ST,11,1018.18,8800
2025-05-12,183.9,184.15,183.9,184.15,5600,ST,7,800.0,5600
2025-05-13,193.35,193.35,190.2,193.3,28800,ST,35,822.86,27200
2025-05-14,197.0,201.9,196.0,199.45,28000,ST,35,800.0,24000
2025-05-15,189.5,189.5,189.5,189.5,16800,ST,18,933.33,16800
2025-05-16,180.05,189.5,180.05,180.05,156000,ST,86,1813.95,152800
2025-05-19,171.1,185.3,171.05,175.3,132000,ST,125,1056.0,121600
2025-05-20,172.95,173.0,166.55,166.85,62400,ST,76,821.05,52000
2025-05-21,166.9,171.0,162.65,166.9,34400,ST,43,800.0,24000
2025-05-22,166.9,170.0,166.9,170.0,11200,ST,14,800.0,9600
2025-05-23,169.0,169.0,165.0,167.25,19200,ST,24,800.0,16000
2025-05-26,169.0,171.0,167.5,167.7,24000,SM,30,800.0,16800
2025-05-27,168.0,169.3,164.25,165.6,24000,SM,25,960.0,16000
2025-05-28,165.65,169.9,165.0,168.95,15200,SM,18,844.44,12000
2025-05-29,172.0,172.9,168.5,169.05,21600,SM,27,800.0,12800
2025-05-30,167.85,172.2,167.85,170.8,9600,SM,12,800.0,5600
2025-06-02,165.15,170.0,165.1,166.9,16000,SM,20,800.0,11200
2025-06-03,166.05,169.8,166.0,166.2,21600,SM,27,800.0,15200
2025-06-04,166.0,166.0,164.1,164.55,8800,SM,11,800.0,7200
2025-06-05,164.0,164.55,160.2,161.35,18400,SM,21,876.19,15200
2025-06-06,162.5,165.0,160.0,164.5,9600,SM,12,800.0,8800
2025-06-09,168.8,173.0,168.8,171.25,21600,SM,25,864.0,20000
2025-06-10,171.0,171.0,156.0,163.85,20000,SM,23,869.57,18400
2025-06-11,162.5,168.7,162.5,165.4,9600,SM,11,872.73,8000
2025-06-12,162.45,165.0,155.0,160.3,38400,SM,44,872.73,31200
2025-06-13,150.25,160.0,150.25,159.3,20800,SM,21,990.48,18400
2025-06-16,160.0,160.0,154.75,157.25,26400,SM,32,825.0,18400
2025-06-17,156.0,157.5,155.0,155.25,38400,SM,37,1037.84,32800
2025-06-18,157.9,158.0,151.0,153.1,30400,SM,37,821.62,22400
2025-06-19,151.6,151.7,150.05,150.1,9600,SM,12,800.0,8000
2025-06-20,150.1,151.0,146.0,147.65,44000,SM,52,846.15,21600
2025-06-23,147.0,150.0,147.0,149.8,13600,SM,14,971.43,13600
2025-06-24,150.0,159.0,150.0,155.0,35200,SM,35,1005.71,24800
2025-06-25,154.5,155.9,150.0,154.0,15200,SM,19,800.0,12800
2025-06-26,160.0,161.9,153.1,156.55,15200,SM,18,844.44,10400
2025-06-27,155.0,156.95,154.0,154.75,17600,SM,21,838.1,12800
2025-06-30,154.4,156.0,153.1,154.5,9600,SM,12,800.0,7200
2025-07-01,154.5,154.5,152.0,152.75,9600,SM,11,872.73,8000
2025-07-02,154.0,155.0,145.0,146.1,61600,SM,71,867.61,47200
2025-07-03,145.5,146.1,144.85,145.75,13600,SM,17,800.0,11200
2025-07-04,142.5,144.5,140.55,142.45,44000,SM,50,880.0,34400
2025-07-07,144.0,144.0,136.4,141.0,30400,SM,37,821.62,20000
2025-07-08,140.0,140.0,138.0,138.85,15200,SM,15,1013.33,13600
2025-07-09,138.85,142.5,131.0,140.95,62400,SM,76,821.05,39200
2025-07-10,141.7,159.0,141.7,155.25,65600,SM,70,937.14,47200
2025-07-11,151.25,156.8,148.6,152.45,23200,SM,29,800.0,14400
2025-07-14,157.9,157.9,150.1,151.6,16800,SM,20,840.0,10400
2025-07-15,150.55,151.0,147.0,148.05,15200,SM,19,800.0,14400
2025-07-16,149.5,150.0,142.65,146.35,42400,SM,45,942.22,30400
2025-07-17,142.55,148.4,142.5,144.95,30400,SM,38,800.0,19200
2025-07-18,145.15,146.0,142.0,143.6,12800,SM,13,984.62,9600
2025-07-21,143.6,146.7,143.6,146.0,10400,SM,12,866.67,9600
2025-07-22,145.0,146.0,145.0,145.95,8000,SM,9,888.89,8000
2025-07-23,144.5,145.4,142.15,145.35,8000,SM,10,800.0,7200
2025-07-24,143.5,143.5,141.2,141.75,8800,SM,11,800.0,8000
2025-07-25,142.85,142.85,140.5,140.55,6400,SM,8,800.0,6400
2025-07-28,148.0,148.0,140.0,140.0,11200,SM,14,800.0,4800
2025-07-29,145.5,145.5,142.0,145.0,12800,SM,11,1163.64,12000
2025-07-30,141.1,143.5,141.1,142.5,3200,SM,4,800.0,2400
2025-07-31,143.95,144.0,142.1,142.1,5600,SM,7,800.0,4800
2025-08-01,140.0,142.0,140.0,141.1,9600,SM,11,872.73,8800
2025-08-04,139.7,142.9,139.25,140.65,28800,SM,21,1371.43,24800
2025-08-05,140.55,144.4,140.55,141.95,12800,SM,15,853.33,8800
2025-08-06,143.5,143.5,140.4,140.5,5600,SM,7,800.0,4800
2025-08-07,139.15,142.0,139.15,139.6,6400,SM,7,914.29,6400
2025-08-08,139.6,141.0,138.0,139.1,9600,SM,12,800.0,8800
2025-08-11,138.05,138.5,138.05,138.5,3200,SM,4,800.0,3200
2025-08-12,139.05,139.05,139.05,139.05,800,SM,1,800.0,800
2025-08-13,142.0,142.0,138.0,138.35,4000,SM,5,800.0,4000
2025-08-14,140.0,141.0,137.15,139.75,7200,SM,9,800.0,6400
2025-08-18,138.3,138.65,137.6,137.95,16800,SM,8,2100.0,16000
2025-08-19,139.95,139.95,139.95,139.95,800,SM,1,800.0,800
2025-08-20,139.95,140.8,139.95,140.2,6400,SM,7,914.29,6400
2025-08-21,138.6,144.0,138.6,143.0,8800,SM,9,977.78,8800
2025-08-22,139.6,139.6,139.6,139.6,800,SM,1,800.0,800
2025-08-25,139.6,139.6,135.5,135.5,9600,SM,12,800.0,9600
2025-08-26,135.5,136.5,135.0,135.65,4000,SM,5,800.0,4000
2025-08-28,133.0,134.0,130.0,133.0,8000,SM,10,800.0,6400
2025-08-29,133.0,134.5,130.0,130.0,8800,SM,11,800.0,8000
2025-09-01,130.0,133.7,125.0,127.65,19200,SM,24,800.0,18400
2025-09-02,128.75,134.7,128.75,129.7,16000,SM,20,800.0,11200
2025-09-03,130.0,132.0,130.0,130.5,4800,SM,6,800.0,4000
2025-09-04,128.5,131.4,128.4,129.55,11200,SM,14,800.0,10400
2025-09-05,129.55,130.0,129.55,130.0,6400,SM,7,914.29,6400
2025-09-08,129.0,130.0,127.05,127.05,8000,SM,10,800.0,7200
2025-09-09,137.0,137.0,127.15,127.3,17600,SM,21,838.1,10400
2025-09-10,129.5,130.0,127.0,127.0,13600,SM,16,850.0,12000
2025-09-11,126.0,130.0,126.0,129.9,6400,SM,8,800.0,5600
2025-09-12,130.0,140.0,127.1,132.0,52000,SM,60,866.67,29600
2025-09-15,136.9,137.0,134.5,135.0,13600,SM,17,800.0,11200
2025-09-16,136.0,139.0,135.0,136.0,20000,SM,25,800.0,16800
2025-09-17,133.5,136.65,133.5,134.5,8800,SM,11,800.0,7200
2025-09-18,134.1,137.65,134.05,135.0,4000,SM,5,800.0,3200
2025-09-19,135.0,135.0,131.7,132.0,7200,SM,9,800.0,6400
2025-09-22,129.0,133.0,129.0,130.0,6400,SM,8,800.0,4800
2025-09-23,130.25,130.95,128.0,130.95,5600,SM,7,800.0,5600
2025-09-24,128.0,133.0,128.0,132.5,8000,SM,10,800.0,7200
2025-09-25,131.0,131.0,128.0,128.65,12000,SM,15,800.0,11200
2025-09-26,126.25,131.0,126.2,129.6,12000,SM,14,857.14,8800
2025-09-29,129.6,129.6,127.05,127.05,4800,SM,6,800.0,4800
2025-09-30,127.0,128.0,124.0,127.95,12000,SM,15,800.0,9600
2025-10-01,126.05,129.4,126.0,128.5,9600,SM,12,800.0,8000
2025-10-03,128.5,129.5,128.0,128.2,6400,SM,6,1066.67,6400
2025-10-06,128.5,128.9,128.05,128.9,10400,SM,13,800.0,9600
2025-10-07,126.25,126.25,124.15,124.5,7200,SM,9,800.0,6400
2025-10-08,123.4,123.6,120.0,120.05,17600,SM,18,977.78,15200
2025-10-09,118.8,119.9,111.0,115.95,32000,SM,35,914.29,24800
2025-10-10,115.95,117.0,114.25,115.0,16000,SM,19,842.11,12800
2025-10-13,115.0,119.7,113.55,114.85,32000,SM,33,969.7,28800
2025-10-14,116.95,117.0,113.0,113.0,11200,SM,14,800.0,9600
2025-10-15,113.25,116.5,112.0,116.0,10400,SM,13,800.0,8000
2025-10-16,114.6,116.5,113.5,113.55,11200,SM,14,800.0,10400
2025-10-17,113.0,113.5,111.5,112.05,11200,SM,13,861.54,9600
2025-10-20,112.0,112.05,108.5,110.25,14400,SM,12,1200.0,14400
2025-10-21,110.5,110.5,110.5,110.5,800,SM,1,800.0,800
2025-10-23,112.1,116.0,111.0,111.45,17600,SM,20,880.0,16800
2025-10-24,108.0,112.7,105.0,112.7,7200,SM,9,800.0,5600
2025-10-27,112.7,112.7,106.0,106.35,33600,SM,32,1050.0,30400
2025-10-28,106.1,106.95,102.25,105.2,20800,SM,25,832.0,20000
2025-10-29,105.0,109.5,105.0,107.05,12800,SM,16,800.0,10400
2025-10-30,107.0,110.4,107.0,108.0,12000,SM,15,800.0,10400
2025-10-31,112.85,129.6,109.0,129.6,108000,SM,120,900.0,77600
2025-11-03,137.0,153.85,136.0,149.7,240000,SM,263,912.55,152800
2025-11-04,152.5,157.0,136.5,137.35,83200,SM,99,840.4,44800
2025-11-06,133.05,137.15,128.0,128.75,56000,SM,69,811.59,40000
2025-11-07,130.0,141.6,130.0,140.3,37600,SM,47,800.0,25600
2025-11-10,141.6,151.0,139.0,146.85,38400,SM,46,834.78,24000
2025-11-11,144.5,148.25,141.5,145.55,32000,SM,39,820.51,16800
2025-11-12,144.0,145.45,142.55,144.0,20000,SM,25,800.0,12800
2025-11-13,142.55,154.95,142.55,149.5,56000,SM,64,875.0,28000
2025-11-14,140.05,143.3,137.2,141.1,58400,SM,62,941.94,47200
2025-11-17,134.2,138.0,131.1,133.8,23200,SM,25,928.0,17600
2025-11-18,131.0,133.45,124.0,126.15,56800,SM,63,901.59,38400
2025-11-19,123.1,128.2,123.0,124.6,13600,SM,17,800.0,6400
2025-11-20,128.0,129.0,120.05,123.1,25600,SM,30,853.33,17600
2025-11-21,123.1,125.0,123.1,123.1,5600,SM,6,933.33,4800
2025-11-24,123.5,126.35,123.05,125.25,11200,SM,13,861.54,11200
2025-11-25,125.0,125.0,122.05,122.05,4800,SM,6,800.0,4000
2025-11-26,122.0,124.0,121.95,122.0,13600,SM,17,800.0,12000
2025-11-27,124.95,125.95,124.05,125.95,6400,SM,8,800.0,5600
2025-11-28,122.0,122.05,120.1,121.7,13600,SM,12,1133.33,13600
2025-12-01,121.7,123.0,121.7,122.0,8000,SM,8,1000.0,7200
2025-12-02,120.0,120.0,119.0,119.0,4000,SM,5,800.0,4000
2025-12-03,119.0,119.0,116.0,118.0,8800,SM,11,800.0,8800
2025-12-04,119.0,119.0,118.5,118.6,4000,SM,5,800.0,3200
2025-12-05,119.0,119.0,116.5,116.75,9600,SM,9,1066.67,8800
2025-12-08,110.0,116.0,110.0,110.45,12000,SM,14,857.14,8800
2025-12-09,111.0,116.5,111.0,114.0,12000,SM,11,1090.91,12000
2025-12-10,111.1,119.0,111.1,116.85,13600,SM,17,800.0,12000
2025-12-11,115.0,121.2,115.0,120.05,11200,SM,14,800.0,9600
2025-12-12,122.0,131.95,122.0,129.4,36000,SM,44,818.18,28000
2025-12-15,129.05,135.0,129.05,132.95,18400,SM,23,800.0,12800
2025-12-16,132.95,132.95,128.0,128.25,4800,SM,6,800.0,4000
2025-12-17,130.0,130.0,127.1,127.1,3200,SM,4,800.0,3200
2025-12-18,127.5,127.5,120.05,122.6,9600,SM,12,800.0,7200
2025-12-19,120.2,120.35,120.2,120.35,2400,SM,3,800.0,2400
2025-12-22,121.85,123.95,121.65,122.6,6400,SM,7,914.29,5600
2025-12-23,122.55,123.9,121.45,123.9,2400,SM,3,800.0,2400
2025-12-24,125.95,126.0,115.5,116.85,16800,SM,19,884.21,15200
2025-12-26,124.95,124.95,124.5,124.5,1600,SM,2,800.0,1600
2025-12-29,124.95,124.95,119.25,119.25,4800,SM,4,1200.0,4000
2025-12-30,122.0,125.0,122.0,124.3,5600,SM,7,800.0,5600
2025-12-31,122.0,126.0,121.0,126.0,11200,SM,14,800.0,8800
2026-01-01,124.0,124.0,124.0,124.0,800,SM,1,800.0,800
2026-01-02,123.0,126.0,123.0,126.0,3200,SM,4,800.0,2400
2026-01-05,126.0,126.1,120.0,120.0,6400,SM,7,914.29,6400
2026-01-06,126.0,126.0,120.0,123.0,6400,SM,8,800.0,5600
2026-01-07,118.8,122.85,118.0,122.4,9600,SM,12,800.0,6400
2026-01-08,125.75,125.75,120.0,121.1,7200,SM,9,800.0,6400
2026-01-09,120.0,120.0,117.0,118.95,12800,SM,12,1066.67,10400
2026-01-12,117.0,118.95,114.0,118.95,7200,SM,9,800.0,5600
2026-01-13,119.0,119.0,118.0,119.0,2400,SM,3,800.0,2400
2026-01-14,119.0,119.9,119.0,119.9,1600,SM,2,800.0,1600
2026-01-16,119.0,120.5,119.0,120.0,3200,SM,4,800.0,2400
2026-01-19,119.75,123.0,118.0,121.85,10400,SM,11,945.45,10400
2026-01-20,120.5,120.5,114.0,119.95,10400,SM,12,866.67,8800
2026-01-21,112.0,119.0,110.0,117.75,10400,SM,13,800.0,6400
2026-01-22,119.0,119.0,118.5,118.95,3200,SM,4,800.0,2400
2026-01-23,117.0,118.3,110.0,118.3,5600,SM,7,800.0,4000
2026-01-27,113.0,113.5,110.0,113.5,10400,SM,9,1155.56,10400
2026-01-28,114.0,114.0,109.0,109.85,18400,SM,23,800.0,17600
2026-01-29,109.85,110.1,108.05,108.05,17600,SM,17,1035.29,16800
2026-01-30,108.0,109.5,105.2,106.9,6400,SM,8,800.0,5600
2026-02-01,111.75,112.0,107.5,107.5,9600,SM,8,1200.0,8000
2026-02-02,109.0,109.0,109.0,109.0,2400,SM,3,800.0,2400
2026-02-03,111.05,112.3,105.1,112.3,10400,SM,,,
2026-02-04,113.5,114.3,113.5,114.3,3200,SM,4,800.0,3200
2026-02-05,114.0,119.4,114.0,119.2,8000,SM,10,800.0,8000
2026-02-06,119.2,119.95,119.2,119.5,4000,SM,5,800.0,2400
2026-02-09,113.0,117.0,112.6,117.0,11200,SM,14,800.0,9600
2026-02-11,117.0,117.0,115.0,115.0,3200,SM,4,800.0,3200
2026-02-12,114.0,114.0,110.0,110.2,7200,SM,9,800.0,6400
2026-02-16,110.0,110.0,108.5,110.0,8800,SM,8,1100.0,8800
2026-02-17,109.9,110.05,108.1,109.05,8000,SM,8,1000.0,8000
2026-02-18,108.15,108.15,108.1,108.1,1600,SM,2,800.0,1600
2026-02-19,112.0,117.0,112.0,114.7,11200,SM,7,1600.0,10400
2026-02-20,108.2,108.2,108.2,108.2,800,SM,1,800.0,800
2026-02-23,109.0,112.5,108.55,112.25,5600,SM,7,800.0,4800
2026-02-24,109.05,111.0,109.05,111.0,1600,SM,2,800.0,800
2026-02-25,109.0,109.0,109.0,109.0,800,SM,1,800.0,800
2026-02-26,111.0,111.0,111.0,111.0,1600,SM,2,800.0,1600
2026-02-27,111.0,112.95,111.0,111.2,5600,SM,7,800.0,4800
2026-03-02,105.25,108.0,105.0,106.9,8000,SM,10,800.0,6400
2026-03-04,106.9,106.9,100.0,102.0,43200,SM,34,1270.59,40000
2026-03-05,98.0,102.0,98.0,102.0,4000,SM,5,800.0,4000
2026-03-06,102.6,102.6,102.5,102.5,3200,SM,2,1600.0,3200
2026-03-09,100.1,101.0,97.0,100.0,13600,SM,15,906.67,12800
2026-03-10,102.0,115.0,102.0,110.0,17600,SM,16,1100.0,16000
2026-03-11,104.5,105.5,104.5,105.5,4800,SM,3,1600.0,4800
2026-03-12,110.5,111.9,103.25,108.25,21600,SM,22,981.82,16000
2026-03-13,104.05,112.0,104.05,106.0,32800,SM,32,1025.0,16800
2026-03-16,106.0,106.0,100.0,102.65,8000,SM,10,800.0,6400
2026-03-17,103.25,105.0,103.0,103.45,15200,SM,7,2171.43,15200
2026-03-18,103.55,104.0,101.05,102.95,10400,SM,13,800.0,8800
2026-03-19,102.9,102.9,100.15,100.25,6400,SM,7,914.29,5600
2026-03-20,99.3,102.9,99.3,99.5,8800,SM,11,800.0,6400
2026-03-23,98.0,98.0,95.6,95.8,6400,SM,8,800.0,4000
2026-03-24,96.05,96.5,89.5,94.35,36800,SM,26,1415.38,30400
2026-03-25,95.0,96.35,91.0,91.35,9600,SM,11,872.73,8800
2026-03-27,91.5,94.0,85.0,86.65,50400,SM,35,1440.0,45600
2026-03-30,81.8,81.8,73.15,75.95,67200,SM,76,884.21,56800
2026-04-01,79.1,88.0,79.1,83.0,17600,SM,22,800.0,12800
2026-04-02,80.0,83.4,80.0,83.4,1600,SM,2,800.0,1600
2026-04-06,84.0,88.0,84.0,87.1,4800,SM,6,800.0,4800
2026-04-07,87.95,88.0,87.95,87.95,3200,SM,4,800.0,3200
2026-04-08,103.0,103.0,94.15,94.35,12800,SM,16,800.0,6400
2026-04-09,94.0,96.0,94.0,95.5,4000,SM,5,800.0,4000
2026-04-10,97.95,100.0,97.5,98.0,13600,SM,16,850.0,11200
2026-04-13,93.65,96.85,93.65,95.85,14400,SM,18,800.0,9600
2026-04-15,102.0,115.0,101.0,115.0,93600,SM,103,908.74,73600
2026-04-16,137.0,138.0,137.0,138.0,34400,SM,35,982.86,24800
2026-04-17,151.8,151.8,151.8,151.8,162400,SM,136,1194.12,121600
2026-04-20,165.9,165.9,152.2,156.95,243200,SM,261,931.8,165600
2026-04-21,156.55,164.0,148.05,159.8,80800,SM,94,859.57,39200
2026-04-22,155.0,158.9,152.0,155.0,25600,ST,30,853.33,22400
2026-04-23,151.0,152.0,147.4,152.0,48800,ST,51,956.86,44800
2026-04-24,155.0,155.0,149.1,153.5,23200,ST,27,859.26,22400
2026-04-27,153.0,155.0,147.0,147.1,16000,ST,18,888.89,16000
2026-04-28,142.05,152.75,141.25,151.7,23200,ST,23,1008.7,20000
2026-04-29,148.05,151.3,145.05,145.25,8800,ST,11,800.0,8000
2026-04-30,145.0,145.0,145.0,145.0,3200,ST,4,800.0,3200
2026-05-04,148.8,150.0,146.0,146.0,7200,ST,9,800.0,5600
2026-05-05,146.0,149.0,140.1,145.0,7200,ST,9,800.0,6400
2026-05-06,143.1,148.0,142.85,148.0,5600,ST,7,800.0,4800
2026-05-07,148.0,148.0,140.6,147.45,8000,ST,10,800.0,6400
2026-05-08,141.05,145.1,141.05,143.0,10400,ST,13,800.0,8800
2026-05-11,139.0,143.0,139.0,143.0,1600,ST,2,800.0,1600
2026-05-12,144.0,144.0,144.0,144.0,4000,ST,5,800.0,4000
2026-05-13,144.0,147.95,142.05,147.95,12800,ST,15,853.33,12000
2026-05-14,143.55,147.45,143.5,143.5,4000,ST,5,800.0,3200
2026-05-15,140.05,141.45,140.05,141.45,1600,ST,2,800.0,1600
2026-05-18,140.0,140.0,135.0,135.0,3200,ST,4,800.0,3200
2026-05-20,132.05,133.0,132.05,133.0,2400,ST,3,800.0,2400
2026-05-21,135.0,135.0,135.0,135.0,1600,ST,2,800.0,1600
2026-05-22,133.0,134.0,132.0,132.0,2400,ST,3,800.0,2400
2026-05-25,134.5,138.6,133.05,137.65,10400,ST,13,800.0,9600
2026-05-26,139.0,139.0,136.0,136.0,4000,ST,5,800.0,4000
2026-05-27,135.5,138.8,135.0,135.0,5600,ST,6,933.33,4800
2026-05-29,128.25,128.25,128.25,128.25,2400,ST,3,800.0,2400
2026-06-01,121.85,121.85,121.85,121.85,3200,ST,4,800.0,3200
2026-06-02,115.8,115.8,115.8,115.8,2400,ST,3,800.0,2400
2026-06-03,110.05,110.05,110.05,110.05,12000,ST,15,800.0,12000
2026-06-04,105.1,115.5,105.1,108.85,67200,ST,62,1083.87,60000
2026-06-05,107.75,111.95,107.0,111.95,16000,ST,20,800.0,16000
2026-06-08,108.15,111.85,108.15,110.0,8800,ST,9,977.78,8800
2026-06-09,105.65,110.0,105.6,110.0,4800,ST,6,800.0,4000
2026-06-10,114.0,115.5,111.55,115.5,14400,ST,18,800.0,12000
2026-06-11,118.85,118.85,110.55,110.55,4800,ST,6,800.0,4800
2026-06-12,108.65,108.65,108.65,108.65,800,ST,1,800.0,800
2026-06-15,112.9,114.05,112.9,114.05,7200,ST,7,1028.57,6400
2026-06-16,114.05,114.05,111.1,112.55,2400,ST,3,800.0,2400
2026-06-17,113.0,113.0,113.0,113.0,1600,ST,2,800.0,1600
2026-06-18,113.0,113.0,113.0,113.0,800,ST,1,800.0,800
2026-06-19,111.0,112.0,109.1,110.1,3200,ST,4,800.0,3200
2026-06-22,110.0,111.05,110.0,111.05,4000,ST,5,800.0,4000
2026-06-23,113.05,115.4,111.1,111.1,2400,ST,3,800.0,1600
2026-06-24,112.0,112.0,112.0,112.0,800,ST,1,800.0,800
2026-06-29,114.95,114.95,114.0,114.0,1600,ST,2,800.0,1600
2026-06-30,110.0,110.0,110.0,110.0,2400,ST,,,
2026-07-01,107.45,113.0,107.0,109.05,6400,ST,8,800.0,5600
2026-07-02,107.55,107.55,107.55,107.55,1600,ST,2,800.0,1600
2026-07-03,107.45,112.0,107.45,112.0,8000,ST,7,1142.86,8000
2026-07-06,107.1,110.85,106.4,110.85,6400,ST,8,800.0,4800
2026-07-07,108.0,108.2,108.0,108.2,3200,ST,4,800.0,3200
2026-07-08,111.0,111.0,107.0,107.0,3200,ST,4,800.0,3200
2026-07-09,108.5,109.45,104.0,104.85,13600,ST,13,1046.15,12000
2026-07-10,103.0,106.3,102.4,106.3,4800,ST,6,800.0,4000
2026-07-13,105.1,105.2,105.0,105.0,2400,ST,3,800.0,2400
2026-07-14,106.5,106.5,106.5,106.5,800,ST,1,800.0,800
2026-07-15,105.95,105.95,105.95,105.95,1600,ST,2,800.0,1600
2026-07-16,107.0,107.0,104.0,105.0,4000,ST,5,800.0,3200
2026-07-17,101.5,102.0,100.0,101.75,7200,ST,9,800.0,7200
2026-07-20,98.0,100.0,98.0,100.0,5600,ST,7,800.0,5600
2026-07-21,101.95,101.95,98.0,98.0,6400,ST,8,800.0,4800
2026-07-22,98.0,98.0,96.5,97.0,4000,ST,5,800.0,4000
2026-07-23,97.0,99.5,97.0,99.5,2400,ST,3,800.0,2400
2026-07-24,96.2,97.5,95.0,95.75,6400,ST,7,914.29,5600
2026-07-27,97.2,97.2,93.8,93.8,5600,SM,7,800.0,4800
2026-07-28,93.9,93.9,84.45,85.9,40800,SM,48,850.0,32000
2026-07-29,88.95,93.35,88.95,90.5,16800,SM,20,840.0,13600
2026-07-30,90.0,90.0,90.0,90.0,1600,SM,2,800.0,1600
2026-07-31,89.9,89.9,89.9,89.9,800,SM,1,800.0,800
2026-08-03,87.1,90.0,87.1,90.0,3200,SM,4,800.0,2400
2026-08-04,86.0,88.25,86.0,87.6,10400,SM,12,866.67,7200
2026-08-05,89.0,93.0,89.0,92.45,5600,SM,7,800.0,5600
2026-08-06,89.1,92.0,88.0,90.0,8800,SM,10,880.0,7200
2026-08-07,87.65,88.45,87.0,88.45,8800,SM,11,800.0,7200
2026-08-10,88.45,88.45,85.0,86.35,7200,SM,9,800.0,5600
2026-08-11,86.5,86.5,85.0,86.4,4800,SM,6,800.0,4800
2026-08-12,86.0,86.4,84.0,84.0,9600,SM,10,960.0,8800
2026-08-13,82.1,82.5,82.1,82.3,2400,SM,3,800.0,2400
2026-08-17,81.95,81.95,79.1,81.5,14400,SM,16,900.0,11200
2026-08-18,83.85,84.65,82.4,84.3,4000,SM,5,800.0,4000
2026-08-19,81.35,82.3,79.5,82.3,13600,SM,16,850.0,12000
2026-08-20,83.25,85.9,82.5,82.5,4800,SM,6,800.0,3200
2026-08-21,83.0,86.5,83.0,86.4,6400,SM,6,1066.67,6400
2026-08-24,86.0,86.0,82.0,82.5,4800,SM,4,1200.0,4800
2026-08-25,85.9,85.9,82.6,83.95,5600,SM,7,800.0,5600
2026-08-26,85.6,85.6,80.2,82.0,15200,SM,18,844.44,10400
2026-08-27,84.95,84.95,81.1,81.1,1600,SM,2,800.0,800
2026-08-28,83.5,83.8,83.5,83.6,9600,SM,9,1066.67,9600
2026-08-31,83.0,85.0,83.0,85.0,2400,SM,3,800.0,2400
2026-09-01,85.0,85.0,85.0,85.0,2400,SM,3,800.0,2400
2026-09-02,84.9,87.0,82.0,83.55,12000,SM,13,923.08,10400
2026-09-03,84.5,84.5,83.65,83.65,3200,SM,4,800.0,3200
2026-09-04,83.5,85.0,81.05,81.8,10400,SM,13,800.0,8800
2026-09-07,83.0,84.9,81.1,83.5,10400,SM,9,1155.56,10400
2026-09-08,82.0,82.0,80.0,80.2,15200,SM,14,1085.71,12000
2026-09-09,81.0,83.35,81.0,82.0,6400,SM,7,914.29,6400
2026-09-11,81.0,81.0,81.0,81.0,800,SM,1,800.0,800
2026-09-15,81.1,81.1,77.1,77.55,14400,SM,,,
2026-09-16,79.6,80.35,79.6,80.35,4000,SM,5,800.0,4000
2026-09-17,76.1,87.15,76.0,84.8,23200,SM,21,1104.76,16000
2026-09-18,86.5,93.25,86.5,93.25,35200,SM,31,1135.48,33600
